,Date,Location,Stake,# of Adult Volunteers,# of Youth Volunteers,Donation Bags Collected,Time to Complete (min),Completed More Than One Route,Ward,Routes Completed,Doors in Route,Route Number/Name.1,Time Spent
0,2023-09-23 10:36,Londonderry Chapel,Bonnie Doon Stake,1,3,14,25,0,Clareview Ward,2,14,,25
1,2023-09-23 10:36,Gateway Stake Centre,Gateway Stake,3,1,18,25,1,Crawford Plains Ward,2,144,,30
2,2023-09-23 10:40,Gateway Stake Centre,Gateway Stake,2,0,20,30,0,Silver Berry Ward,2,186,,30
3,2023-09-23 10:41,Gateway Stake Centre,Gateway Stake,2,0,20,25,1,Crawford Plains Ward,1,195,,30
4,2023-09-23 10:44,Londonderry Chapel,Bonnie Doon Stake,1,0,2,5,0,Londonderry Ward,2,1,,30
5,2023-09-23 10:48,Bearspaw Chapel,Gateway Stake,2,0,20,20,0,Blackmud Creek Ward,2,179,,20
6,2023-09-23 10:50,Gateway Stake Centre,Gateway Stake,1,4,17,25,0,Lee Ridge Ward,2,141,,22
7,2023-09-23 10:51,Londonderry Chapel,Bonnie Doon Stake,2,0,32,45,0,Londonderry Ward,2,27,,30
8,2023-09-23 10:51,Londonderry Chapel,Bonnie Doon Stake,2,0,100,5,1,Londonderry Ward,2,200,,49
9,2023-09-23 10:52,Bearspaw Chapel,Bonnie Doon Stake,2,3,15,45,0,Southgate Ward,2,13,,35
10,2023-09-23 10:53,Bonnie Doon Stake Centre,Bonnie Doon Stake,1,2,30,30,0,Connors Hill Ward,2,300,,30
11,2023-09-23 10:55,Londonderry Chapel,Bonnie Doon Stake,1,0,17,60,0,Clareview Ward,2,110,,30
12,2023-09-23 10:55,Londonderry Chapel,Bonnie Doon Stake,3,2,20,40,0,Londonderry Ward,2,107,,40
13,2023-09-23 10:56,Coronation Park Chapel,Bonnie Doon Stake,2,1,25,55,0,Coronation Park Ward,2,20,,55
14,2023-09-23 10:58,Londonderry Chapel,Bonnie Doon Stake,2,3,24,45,1,Clareview Ward,3,250,,45
15,2023-09-23 10:59,Bonnie Doon Stake Centre,Bonnie Doon Stake,3,5,10,60,0,Connors Hill Ward,2,184,,60
16,2023-09-23 11:01,Londonderry Chapel,Bonnie Doon Stake,2,2,12,30,0,Londonderry Ward,2,12,,30
17,2023-09-23 11:01,Londonderry Chapel,Bonnie Doon Stake,2,0,30,45,1,Londonderry Ward,2,195,,60
18,2023-09-23 11:03,Londonderry Chapel,Bonnie Doon Stake,2,0,16,25,0,Londonderry Ward,2,98,,25
19,2023-09-23 11:03,Bonnie Doon Stake Centre,Bonnie Doon Stake,2,2,10,20,1,Forest Heights Ward,2,120,,20
20,2023-09-23 11:03,Coronation Park Chapel,Bonnie Doon Stake,2,0,20,60,0,Coronation Park Ward,2,96,,60
21,2023-09-23 11:03,Gateway Stake Centre,Gateway Stake,5,0,29,30,0,Silver Berry Ward,2,19,,30
22,2023-09-23 11:04,Bonnie Doon Stake Centre,Bonnie Doon Stake,2,1,40,30,0,Forest Heights Ward,2,200,,45
23,2023-09-23 11:04,Coronation Park Chapel,Bonnie Doon Stake,2,0,18,63,0,Coronation Park Ward,2,140,,63
24,2023-09-23 11:05,Gateway Stake Centre,Gateway Stake,2,3,21,30,0,Silver Berry Ward,2,1,,32
25,2023-09-23 11:06,Bearspaw Chapel,Gateway Stake,5,3,24,40,0,Lee Ridge Ward,2,157,,40
26,2023-09-23 11:06,Bonnie Doon Stake Centre,Bonnie Doon Stake,2,3,40,180,1,Connors Hill Ward,2,375,,60
27,2023-09-23 11:06,Gateway Stake Centre,Gateway Stake,3,0,35,30,0,Silver Berry Ward,2,250,,740
28,2023-09-23 11:06,Gateway Stake Centre,Gateway Stake,2,0,15,25,0,Crawford Plains Ward,2,116,,25
29,2023-09-23 11:07,Bonnie Doon Stake Centre,Bonnie Doon Stake,2,0,30,30,0,Forest Heights Ward,2,115,,30
30,2023-09-23 11:07,Londonderry Chapel,Bonnie Doon Stake,1,1,36,45,0,Clareview Ward,2,15,,30
31,2023-09-23 11:08,Londonderry Chapel,Bonnie Doon Stake,2,0,16,30,0,Londonderry Ward,2,110,,35
32,2023-09-23 11:09,Bonnie Doon Stake Centre,Bonnie Doon Stake,2,2,15,30,0,Forest Heights Ward,2,90,,38
33,2023-09-23 11:09,North Stake Centre,Edmonton North Stake,2,1,21,45,0,Griesbach Ward,2,206,,45
34,2023-09-23 11:09,Gateway Stake Centre,Gateway Stake,2,3,21,32,0,Silver Berry Ward,2,202,,32
35,2023-09-23 11:09,North Stake Centre,Edmonton North Stake,1,1,23,45,0,Griesbach Ward,2,206,,45
36,2023-09-23 11:09,Riverbend Stake Centre,Riverbend Stake,2,0,30,50,0,Greenfield Ward,2,172,,50
37,2023-09-23 11:10,Londonderry Chapel,Bonnie Doon Stake,2,0,24,30,0,Clareview Ward,2,23,,30
38,2023-09-23 11:11,Coronation Park Chapel,Bonnie Doon Stake,2,0,5,32,0,Coronation Park Ward,2,302,,39
39,2023-09-23 11:11,North Stake Centre,Edmonton North Stake,2,3,29,60,0,Griesbach Ward,2,107,,60
40,2023-09-23 11:11,Gateway Stake Centre,Gateway Stake,1,0,20,20,0,Crawford Plains Ward,2,100,,20
41,2023-09-23 11:11,Londonderry Chapel,Bonnie Doon Stake,2,1,17,30,0,Londonderry Ward,2,182,,30
42,2023-09-23 11:12,Londonderry Chapel,Bonnie Doon Stake,3,0,15,45,1,Londonderry Ward,2,200,,51
43,2023-09-23 11:12,North Stake Centre,Edmonton North Stake,2,2,24,30,0,Griesbach Ward,2,20,,30
44,2023-09-23 11:13,Gateway Stake Centre,Gateway Stake,2,0,26,45,0,Crawford Plains Ward,2,150,,40
45,2023-09-23 11:14,Gateway Stake Centre,Gateway Stake,3,0,24,35,0,Silver Berry Ward,2,194,,40
46,2023-09-23 11:14,Bonnie Doon Stake Centre,Bonnie Doon Stake,3,3,30,60,1,Forest Heights Ward,2,100,,73
47,2023-09-23 11:14,Gateway Stake Centre,Gateway Stake,2,2,33,50,1,Ellerslie Ward,1,207,,50
48,2023-09-23 11:14,Londonderry Chapel,Bonnie Doon Stake,2,2,11,35,0,Londonderry Ward,2,116,,30
49,2023-09-23 11:15,Bearspaw Chapel,Gateway Stake,2,0,15,45,0,Blackmud Creek Ward,2,135,,35
50,2023-09-23 11:16,Gateway Stake Centre,Gateway Stake,1,0,11,20,0,Silver Berry Ward,2,29,,13
51,2023-09-23 11:17,Riverbend Stake Centre,Riverbend Stake,2,3,22,30,0,Rabbit Hill Ward,2,80,,40
52,2023-09-23 11:17,North Stake Centre,Edmonton North Stake,2,0,23,100,0,Namao Ward,2,160,,100
53,2023-09-23 11:17,Gateway Stake Centre,Gateway Stake,2,0,23,30,0,Wainwright Branch,2,137,,30
54,2023-09-23 11:18,Gateway Stake Centre,Gateway Stake,1,4,16,20,1,Lee Ridge Ward,2,147,,20
55,2023-09-23 11:19,Riverbend Stake Centre,Riverbend Stake,4,2,59,60,1,Rabbit Hill Ward,2,236,,60
56,2023-09-23 11:20,Gateway Stake Centre,Gateway Stake,1,1,5,17,0,Crawford Plains Ward,2,135,,17
57,2023-09-23 11:20,North Stake Centre,Edmonton North Stake,2,3,35,79,0,Griesbach Ward,2,370,,65
58,2023-09-23 11:20,Riverbend Stake Centre,Riverbend Stake,3,2,25,45,0,Woodbend Ward,2,100,,45
59,2023-09-23 11:21,Gateway Stake Centre,Gateway Stake,2,0,15,40,0,Crawford Plains Ward,2,115,,40
60,2023-09-23 11:21,North Stake Centre,Edmonton North Stake,2,2,16,60,0,Griesbach Ward,2,200,,50
61,2023-09-23 11:22,Gateway Stake Centre,Gateway Stake,2,0,20,30,0,Silver Berry Ward,2,198,,30
62,2023-09-23 11:22,Bonnie Doon Stake Centre,Bonnie Doon Stake,2,0,25,40,0,Connors Hill Ward,2,235,,60
63,2023-09-23 11:23,Londonderry Chapel,Bonnie Doon Stake,2,0,20,35,0,Londonderry Ward,2,100,,40
64,2023-09-23 11:23,Gateway Stake Centre,Gateway Stake,2,1,22,50,0,Ellerslie Ward,2,191,,50
65,2023-09-23 11:24,North Stake Centre,Edmonton North Stake,2,0,9,20,0,Griesbach Ward,2,100,,20
66,2023-09-23 11:24,Gateway Stake Centre,Gateway Stake,2,0,31,58,0,Silver Berry Ward,2,27,,57
67,2023-09-23 11:24,Gateway Stake Centre,Gateway Stake,4,0,26,50,0,Silver Berry Ward,2,168,,50
68,2023-09-23 11:24,North Stake Centre,Edmonton North Stake,1,4,42,50,0,Namao Ward,2,392,,60
69,2023-09-23 11:25,Bonnie Doon Stake Centre,Bonnie Doon Stake,2,3,18,120,0,Forest Heights Ward,2,100,,56
70,2023-09-23 11:25,Gateway Stake Centre,Gateway Stake,2,3,21,50,1,Crawford Plains Ward,2,317,,50
71,2023-09-23 11:25,Riverbend Stake Centre,Riverbend Stake,3,0,54,75,0,Greenfield Ward,2,212,,80
72,2023-09-23 11:25,Gateway Stake Centre,Gateway Stake,1,2,11,30,1,Crawford Plains Ward,2,261,,33
73,2023-09-23 11:25,Gateway Stake Centre,Gateway Stake,2,0,15,40,0,Crawford Plains Ward,2,115,,40
74,2023-09-23 11:26,Coronation Park Chapel,Edmonton North Stake,1,2,31,45,1,Stony Plain Ward,2,453,,69
75,2023-09-23 11:27,Gateway Stake Centre,Gateway Stake,2,0,27,40,0,Silver Berry Ward,2,23,,40
76,2023-09-23 11:27,Gateway Stake Centre,Gateway Stake,2,0,12,25,0,Crawford Plains Ward,2,110,,25
77,2023-09-23 11:27,Londonderry Chapel,Bonnie Doon Stake,2,0,34,60,1,Clareview Ward,2,32,,30
78,2023-09-23 11:27,Bearspaw Chapel,Gateway Stake,2,3,37,30,1,Lee Ridge Ward,2,144,,30
79,2023-09-23 11:27,Gateway Stake Centre,Gateway Stake,2,0,26,35,0,Ellerslie Ward,2,220,,35
80,2023-09-23 11:27,Londonderry Chapel,Bonnie Doon Stake,2,0,9,45,0,Clareview Ward,2,195,,30
81,2023-09-23 11:28,Gateway Stake Centre,Gateway Stake,2,0,11,15,0,Ellerslie Ward,2,165,,15
82,2023-09-23 11:28,Bearspaw Chapel,Gateway Stake,1,7,6,60,1,Wild Rose Ward,2,315,,60
83,2023-09-23 11:29,Londonderry Chapel,Bonnie Doon Stake,2,2,43,60,1,Londonderry Ward,2,300,,55
84,2023-09-23 11:29,Londonderry Chapel,Bonnie Doon Stake,2,1,35,60,1,Londonderry Ward,2,250,,57
85,2023-09-23 11:29,Bearspaw Chapel,Gateway Stake,2,0,8,60,0,Lee Ridge Ward,2,162,,60
86,2023-09-23 11:29,Coronation Park Chapel,Bonnie Doon Stake,1,1,38,90,1,Coronation Park Ward,2,300,,30
87,2023-09-23 11:30,Riverbend Stake Centre,Riverbend Stake,1,3,10,30,0,Woodbend Ward,2,10,,30
88,2023-09-23 11:30,Gateway Stake Centre,Gateway Stake,2,3,20,50,0,Ellerslie Ward,2,219,,50
89,2023-09-23 11:30,Riverbend Stake Centre,Riverbend Stake,3,0,60,90,0,Terwillegar Park Ward,2,250,,90
90,2023-09-23 11:30,Londonderry Chapel,Bonnie Doon Stake,1,2,6,45,0,Clareview Ward,2,150,,30
91,2023-09-23 11:31,Londonderry Chapel,Bonnie Doon Stake,2,0,45,75,0,Londonderry Ward,2,300,,75
92,2023-09-23 11:31,Gateway Stake Centre,Gateway Stake,2,0,24,40,0,Silver Berry Ward,2,167,,50
93,2023-09-23 11:31,Londonderry Chapel,Bonnie Doon Stake,2,3,35,60,0,Londonderry Ward,2,180,,60
94,2023-09-23 11:32,Bearspaw Chapel,Bonnie Doon Stake,2,0,20,45,0,Southgate Ward,2,95,,89
95,2023-09-23 11:32,Gateway Stake Centre,Gateway Stake,7,7,46,60,0,Rio Vista Ward,2,219,,60
96,2023-09-23 11:32,Gateway Stake Centre,Gateway Stake,1,1,15,55,1,Crawford Plains Ward,2,236,,55
97,2023-09-23 11:32,Riverbend Stake Centre,Riverbend Stake,2,0,20,45,0,Rutherford Ward,2,13,,45
98,2023-09-23 11:33,Bearspaw Chapel,Gateway Stake,46,0,15,45,0,Lee Ridge Ward,2,15,,45
99,2023-09-23 11:33,Londonderry Chapel,Bonnie Doon Stake,2,2,19,45,0,Londonderry Ward,2,198,,35
100,2023-09-23 11:33,Coronation Park Chapel,Edmonton North Stake,1,0,30,47,1,Stony Plain Ward,2,155,,30
101,2023-09-23 11:33,Gateway Stake Centre,Gateway Stake,2,0,35,70,0,Crawford Plains Ward,2,134,,67
102,2023-09-23 11:34,Londonderry Chapel,Bonnie Doon Stake,2,0,4,10,0,Londonderry Ward,2,195,,30
103,2023-09-23 11:34,North Stake Centre,Edmonton North Stake,2,4,23,50,0,Griesbach Ward,2,203,,50
104,2023-09-23 11:34,Londonderry Chapel,Bonnie Doon Stake,2,0,12,50,0,Clareview Ward,2,180,,63
105,2023-09-23 11:35,Londonderry Chapel,Bonnie Doon Stake,1,3,7,30,0,Londonderry Ward,2,7,,30
106,2023-09-23 11:35,Riverbend Stake Centre,Riverbend Stake,2,0,40,60,0,Greenfield Ward,2,20,,65
107,2023-09-23 11:35,Coronation Park Chapel,Bonnie Doon Stake,2,2,72,45,1,Coronation Park Ward,3,63,,81
108,2023-09-23 11:35,North Stake Centre,Edmonton North Stake,1,2,22,60,0,Griesbach Ward,2,150,,45
109,2023-09-23 11:35,Bonnie Doon Stake Centre,Bonnie Doon Stake,3,1,40,60,0,Connors Hill Ward,2,160,,44
110,2023-09-23 11:36,Gateway Stake Centre,Gateway Stake,2,3,20,60,1,Crawford Plains Ward,2,199,,60
111,2023-09-23 11:37,Bonnie Doon Stake Centre,Bonnie Doon Stake,1,0,33,45,1,Forest Heights Ward,2,130,,45
112,2023-09-23 11:38,Riverbend Stake Centre,Riverbend Stake,1,2,18,40,0,Rutherford Ward,2,14,,40
113,2023-09-23 11:38,Gateway Stake Centre,Gateway Stake,2,0,17,40,0,Silver Berry Ward,2,170,,40
114,2023-09-23 11:38,Riverbend Stake Centre,Riverbend Stake,2,1,12,15,0,Rutherford Ward,2,12,,40
115,2023-09-23 11:38,North Stake Centre,Edmonton North Stake,3,0,17,45,0,Griesbach Ward,2,13,,60
116,2023-09-23 11:38,Gateway Stake Centre,Gateway Stake,2,0,32,15,1,Crawford Plains Ward,4,520,,54
117,2023-09-23 11:39,North Stake Centre,Edmonton North Stake,2,0,12,100,0,Namao Ward,2,175,,95
118,2023-09-23 11:39,Riverbend Stake Centre,Riverbend Stake,2,2,10,10,0,Rabbit Hill Ward,2,70,,28
119,2023-09-23 11:39,Riverbend Stake Centre,Riverbend Stake,1,3,50,60,0,Terwillegar Park Ward,2,38,,65
120,2023-09-23 11:41,Bonnie Doon Stake Centre,Bonnie Doon Stake,2,0,10,30,0,Connors Hill Ward,2,136,,30
121,2023-09-23 11:41,Riverbend Stake Centre,Riverbend Stake,4,0,23,45,0,Greenfield Ward,2,192,,60
122,2023-09-23 11:41,North Stake Centre,Edmonton North Stake,1,3,15,60,0,Griesbach Ward,2,14,,60
123,2023-09-23 11:41,North Stake Centre,Edmonton North Stake,1,3,7,40,0,Griesbach Ward,2,90,,40
124,2023-09-23 11:41,Gateway Stake Centre,Gateway Stake,1,0,16,30,0,Crawford Plains Ward,2,135,,30
125,2023-09-23 11:42,Gateway Stake Centre,Gateway Stake,1,2,28,35,0,Ellerslie Ward,2,203,,35
126,2023-09-23 11:42,Londonderry Chapel,Bonnie Doon Stake,1,2,12,20,0,Londonderry Ward,2,110,,25
127,2023-09-23 11:42,Bonnie Doon Stake Centre,Bonnie Doon Stake,2,0,25,60,0,Connors Hill Ward,2,249,,60
128,2023-09-23 11:42,Bearspaw Chapel,Gateway Stake,19,2,15,55,0,Lee Ridge Ward,2,158,,70
129,2023-09-23 11:43,Bearspaw Chapel,Gateway Stake,7,0,17,40,0,Lee Ridge Ward,2,170,,42
130,2023-09-23 11:43,Gateway Stake Centre,Gateway Stake,2,2,9,20,0,Crawford Plains Ward,2,138,,20
131,2023-09-23 11:43,Riverbend Stake Centre,Riverbend Stake,4,1,15,15,0,Rabbit Hill Ward,2,80,,15
132,2023-09-23 11:44,Bearspaw Chapel,Gateway Stake,3,3,55,47,0,Blackmud Creek Ward,2,165,,47
133,2023-09-23 11:44,Gateway Stake Centre,Gateway Stake,3,2,30,40,1,Crawford Plains Ward,2,256,,40
134,2023-09-23 11:44,Gateway Stake Centre,Gateway Stake,3,1,40,100,1,Silver Berry Ward,2,419,,100
135,2023-09-23 11:45,North Stake Centre,Edmonton North Stake,2,2,15,60,0,Griesbach Ward,2,106,,50
136,2023-09-23 11:45,Coronation Park Chapel,Bonnie Doon Stake,2,2,35,75,1,Coronation Park Ward,2,144,,74
137,2023-09-23 11:45,Gateway Stake Centre,Gateway Stake,2,1,11,60,1,Silver Berry Ward,2,11,,60
138,2023-09-23 11:45,Bonnie Doon Stake Centre,Bonnie Doon Stake,2,0,16,40,0,Forest Heights Ward,2,125,,40
139,2023-09-23 11:45,Gateway Stake Centre,Gateway Stake,1,2,32,35,0,Lee Ridge Ward,2,173,,35
140,2023-09-23 11:45,North Stake Centre,Edmonton North Stake,2,0,18,55,0,Griesbach Ward,2,90,,55
141,2023-09-23 11:46,Bonnie Doon Stake Centre,Bonnie Doon Stake,2,4,32,45,0,Forest Heights Ward,2,200,,73
142,2023-09-23 11:46,Coronation Park Chapel,Bonnie Doon Stake,3,0,18,45,0,Coronation Park Ward,2,143,,45
143,2023-09-23 11:47,Riverbend Stake Centre,Riverbend Stake,2,0,44,70,1,Terwillegar Park Ward,1,285,,75
144,2023-09-23 11:47,Gateway Stake Centre,Gateway Stake,2,3,30,60,1,Crawford Plains Ward,2,23,,75
145,2023-09-23 11:47,Gateway Stake Centre,Gateway Stake,3,2,30,40,0,Ellerslie Ward,2,210,,45
146,2023-09-23 11:47,Bearspaw Chapel,Gateway Stake,2,0,35,60,0,Blackmud Creek Ward,2,148,,120
147,2023-09-23 11:47,Riverbend Stake Centre,Riverbend Stake,2,0,44,60,1,Rutherford Ward,2,446,,60
148,2023-09-23 11:47,Londonderry Chapel,Bonnie Doon Stake,1,2,35,45,0,Londonderry Ward,2,200,,30
149,2023-09-23 11:48,Coronation Park Chapel,Bonnie Doon Stake,3,1,117,45,1,Coronation Park Ward,4,403,,90
150,2023-09-23 11:48,North Stake Centre,Edmonton North Stake,2,0,30,105,1,Griesbach Ward,3,356,,105
151,2023-09-23 11:49,Londonderry Chapel,Bonnie Doon Stake,2,2,40,70,1,Clareview Ward,2,200,,70
152,2023-09-23 11:49,Londonderry Chapel,Bonnie Doon Stake,2,0,3,3,0,Clareview Ward,2,195,,30
153,2023-09-23 11:49,Gateway Stake Centre,Gateway Stake,2,0,30,55,0,Silver Berry Ward,2,174,,55
154,2023-09-23 11:49,Bearspaw Chapel,Gateway Stake,4,3,26,30,0,Lee Ridge Ward,2,148,,36
155,2023-09-23 11:50,Riverbend Stake Centre,Riverbend Stake,1,1,24,90,0,Terwillegar Park Ward,2,170,,90
156,2023-09-23 11:50,Riverbend Stake Centre,Riverbend Stake,2,0,70,90,1,Terwillegar Park Ward,1,312,,108
157,2023-09-23 11:50,Bonnie Doon Stake Centre,Bonnie Doon Stake,2,3,20,60,0,Forest Heights Ward,2,120,,60
158,2023-09-23 11:50,Gateway Stake Centre,Gateway Stake,1,0,26,40,1,Ellerslie Ward,2,191,,36
159,2023-09-23 11:50,Gateway Stake Centre,Gateway Stake,2,1,23,32,1,Crawford Plains Ward,1,195,,32
160,2023-09-23 11:50,Londonderry Chapel,Bonnie Doon Stake,2,0,15,30,0,Clareview Ward,2,121,,38
161,2023-09-23 11:50,Gateway Stake Centre,Gateway Stake,2,3,13,15,0,Crawford Plains Ward,2,115,,30
162,2023-09-23 11:51,Gateway Stake Centre,Gateway Stake,1,2,20,50,1,Ellerslie Ward,2,260,,50
163,2023-09-23 11:51,Bonnie Doon Stake Centre,Bonnie Doon Stake,1,1,18,45,0,Forest Heights Ward,2,125,,36
164,2023-09-23 11:51,Gateway Stake Centre,Gateway Stake,2,1,36,40,0,Lee Ridge Ward,2,145,,44
165,2023-09-23 11:52,Bearspaw Chapel,Bonnie Doon Stake,5,1,6,15,0,Southgate Ward,2,40,,60
166,2023-09-23 11:52,Gateway Stake Centre,Gateway Stake,2,2,35,60,0,Ellerslie Ward,2,214,,60
167,2023-09-23 11:52,Gateway Stake Centre,Gateway Stake,2,0,6,15,0,Crawford Plains Ward,2,168,,15
168,2023-09-23 11:52,North Stake Centre,Edmonton North Stake,3,2,43,60,1,Griesbach Ward,2,40,,60
169,2023-09-23 11:52,Riverbend Stake Centre,Riverbend Stake,3,1,19,40,0,Terwillegar Park Ward,2,150,,50
170,2023-09-23 11:52,North Stake Centre,Edmonton North Stake,2,1,10,52,0,Griesbach Ward,2,120,,52
171,2023-09-23 11:53,Riverbend Stake Centre,Riverbend Stake,2,1,48,44,1,Greenfield Ward,2,208,,44
172,2023-09-23 11:53,Bonnie Doon Stake Centre,Bonnie Doon Stake,4,0,42,60,1,Forest Heights Ward,2,194,,96
173,2023-09-23 11:53,Riverbend Stake Centre,Riverbend Stake,1,2,40,30,0,Woodbend Ward,2,220,,30
174,2023-09-23 11:53,Londonderry Chapel,Bonnie Doon Stake,1,1,30,60,0,Londonderry Ward,2,100,,30
175,2023-09-23 11:53,Londonderry Chapel,Bonnie Doon Stake,1,5,25,45,0,Londonderry Ward,2,25,,30
176,2023-09-23 11:54,Coronation Park Chapel,Bonnie Doon Stake,2,1,55,110,1,Coronation Park Ward,2,195,,98
177,2023-09-23 11:54,Bonnie Doon Stake Centre,Bonnie Doon Stake,1,1,40,140,1,Connors Hill Ward,2,180,,95
178,2023-09-23 11:54,Riverbend Stake Centre,Riverbend Stake,2,0,50,270,1,Greenfield Ward,1,210,,83
179,2023-09-23 11:55,Bearspaw Chapel,Gateway Stake,6,5,48,49,0,Blackmud Creek Ward,2,162,,42
180,2023-09-23 11:55,Bonnie Doon Stake Centre,Bonnie Doon Stake,2,2,17,51,0,Forest Heights Ward,2,75,,54
181,2023-09-23 11:55,Riverbend Stake Centre,Riverbend Stake,2,2,65,90,1,Rutherford Ward,2,650,,70
182,2023-09-23 11:56,Bearspaw Chapel,Gateway Stake,2,2,15,60,0,Blackmud Creek Ward,2,100,,75
183,2023-09-23 11:56,Gateway Stake Centre,Gateway Stake,2,3,31,50,0,Silver Berry Ward,2,180,,50
184,2023-09-23 11:56,Londonderry Chapel,Bonnie Doon Stake,2,0,6,35,0,Clareview Ward,2,110,,65
185,2023-09-23 11:56,Londonderry Chapel,Bonnie Doon Stake,1,0,30,75,1,Londonderry Ward,2,250,,30
186,2023-09-23 11:57,Coronation Park Chapel,Bonnie Doon Stake,4,0,37,45,1,Coronation Park Ward,2,195,,100
187,2023-09-23 11:57,Bearspaw Chapel,Bonnie Doon Stake,2,1,10,30,0,Strathcona Married Student Ward,2,90,,45
188,2023-09-23 11:57,Londonderry Chapel,Bonnie Doon Stake,4,0,17,30,0,Londonderry Ward,2,17,,30
189,2023-09-23 11:57,Gateway Stake Centre,Gateway Stake,2,2,34,28,0,Ellerslie Ward,2,203,,28
190,2023-09-23 11:57,Riverbend Stake Centre,Riverbend Stake,1,1,15,15,0,Woodbend Ward,2,8,,15
191,2023-09-23 11:58,Gateway Stake Centre,Gateway Stake,24,0,14,24,1,Crawford Plains Ward,2,146,,24
192,2023-09-23 11:58,Riverbend Stake Centre,Riverbend Stake,3,0,52,80,1,Rabbit Hill Ward,2,313,,67
193,2023-09-23 11:58,Gateway Stake Centre,Gateway Stake,2,3,50,90,1,Crawford Plains Ward,3,460,,90
194,2023-09-23 11:58,Coronation Park Chapel,Bonnie Doon Stake,2,2,37,57,0,Coronation Park Ward,2,195,,57
195,2023-09-23 11:58,North Stake Centre,Edmonton North Stake,2,0,23,30,0,Griesbach Ward,2,20,,30
196,2023-09-23 11:58,Bonnie Doon Stake Centre,Bonnie Doon Stake,2,3,28,57,1,Forest Heights Ward,2,200,,57
197,2023-09-23 11:59,North Stake Centre,Edmonton North Stake,2,2,19,30,0,Griesbach Ward,2,100,,30
198,2023-09-23 11:59,Riverbend Stake Centre,Riverbend Stake,2,0,15,40,0,Woodbend Ward,2,80,,88
199,2023-09-23 11:59,Riverbend Stake Centre,Riverbend Stake,2,3,27,60,0,Greenfield Ward,2,21,,60
200,2023-09-23 11:59,Bearspaw Chapel,Bonnie Doon Stake,2,2,9,60,0,Southgate Ward,2,150,,60
201,2023-09-23 12:00,Gateway Stake Centre,Gateway Stake,2,3,30,35,0,Lee Ridge Ward,2,30,,35
202,2023-09-23 12:00,Riverbend Stake Centre,Riverbend Stake,1,5,70,60,0,Woodbend Ward,2,350,,60
203,2023-09-23 12:00,Bearspaw Chapel,Gateway Stake,2,20,20,60,0,Blackmud Creek Ward,2,147,,60
204,2023-09-23 12:00,Gateway Stake Centre,Gateway Stake,2,4,14,30,0,Ellerslie Ward,2,190,,31
205,2023-09-23 12:00,Gateway Stake Centre,Gateway Stake,2,0,38,90,0,Silver Berry Ward,2,243,,90
206,2023-09-23 12:01,Bearspaw Chapel,YSA Stake,1,2,50,60,1,Windsor Park YSA Ward,2,110,,58
207,2023-09-23 12:01,Coronation Park Chapel,Bonnie Doon Stake,1,1,15,60,0,Coronation Park Ward,2,100,,60
208,2023-09-23 12:01,Gateway Stake Centre,Gateway Stake,2,0,6,18.5,1,Crawford Plains Ward,2,136,,18
209,2023-09-23 12:01,Riverbend Stake Centre,Riverbend Stake,2,1,35,30,0,Woodbend Ward,2,179,,65
210,2023-09-23 12:01,Riverbend Stake Centre,Riverbend Stake,2,0,8,20,0,Greenfield Ward,2,150,,30
211,2023-09-23 12:01,Gateway Stake Centre,Gateway Stake,2,4,25,34,0,Ellerslie Ward,2,198,,34
212,2023-09-23 12:02,Londonderry Chapel,Bonnie Doon Stake,1,0,38,90,1,Clareview Ward,2,300,,114
213,2023-09-23 12:02,Londonderry Chapel,Bonnie Doon Stake,2,0,28,45,0,Londonderry Ward,2,185,,30
214,2023-09-23 12:02,North Stake Centre,Edmonton North Stake,2,1,21,45,1,Griesbach Ward,2,150,,45
215,2023-09-23 12:02,Riverbend Stake Centre,Riverbend Stake,1,1,30,45,0,Rabbit Hill Ward,2,158,,40
216,2023-09-23 12:02,Riverbend Stake Centre,Riverbend Stake,2,1,46,60,0,Greenfield Ward,2,220,,60
217,2023-09-23 12:02,Gateway Stake Centre,Gateway Stake,2,1,25,45,0,Silver Berry Ward,2,230,,45
218,2023-09-23 12:02,Gateway Stake Centre,Gateway Stake,2,1,40,60,1,Ellerslie Ward,1,228,,53
219,2023-09-23 12:03,Bearspaw Chapel,Bonnie Doon Stake,1,2,31,60,0,Southgate Ward,2,143,,55
220,2023-09-23 12:03,Bearspaw Chapel,Gateway Stake,2,4,24,40,0,Lee Ridge Ward,2,169,,40
221,2023-09-23 12:03,Gateway Stake Centre,Gateway Stake,2,0,8,30,0,Crawford Plains Ward,2,144,,30
222,2023-09-23 12:03,North Stake Centre,Edmonton North Stake,2,1,17,60,0,Griesbach Ward,2,50,,75
223,2023-09-23 12:03,Gateway Stake Centre,Gateway Stake,2,4,40,37,0,Ellerslie Ward,2,207,,30
224,2023-09-23 12:03,Riverbend Stake Centre,Riverbend Stake,2,0,44,80,0,Greenfield Ward,2,200,,80
225,2023-09-23 12:04,Bonnie Doon Stake Centre,Bonnie Doon Stake,1,0,19,60,1,Connors Hill Ward,2,280,,60
226,2023-09-23 12:04,Gateway Stake Centre,Gateway Stake,2,0,25,30,0,Crawford Plains Ward,2,150,,10
227,2023-09-23 12:04,North Stake Centre,Edmonton North Stake,1,3,30,75,0,Griesbach Ward,2,100,,60
228,2023-09-23 12:04,Bearspaw Chapel,Gateway Stake,4,0,24,40,0,Lee Ridge Ward,2,155,,45
229,2023-09-23 12:05,Riverbend Stake Centre,Riverbend Stake,2,4,45,120,0,Greenfield Ward,2,45,,109
230,2023-09-23 12:05,Riverbend Stake Centre,Riverbend Stake,2,1,80,70,1,Rabbit Hill Ward,2,400,,100
231,2023-09-23 12:05,Gateway Stake Centre,Gateway Stake,2,0,24,60,0,Silver Berry Ward,2,220,,180
232,2023-09-23 12:05,Gateway Stake Centre,Gateway Stake,1,2,32,60,1,Crawford Plains Ward,2,215,,180
233,2023-09-23 12:07,North Stake Centre,Edmonton North Stake,1,0,5,30,0,Griesbach Ward,2,40,,30
234,2023-09-23 12:07,Londonderry Chapel,Bonnie Doon Stake,2,4,22,20,0,Clareview Ward,2,195,,180
235,2023-09-23 12:07,Riverbend Stake Centre,Riverbend Stake,3,0,14,30,0,Rutherford Ward,2,159,,40
236,2023-09-23 12:07,Bonnie Doon Stake Centre,Bonnie Doon Stake,2,0,14,45,0,Strathcona Married Student Ward,2,110,,35
237,2023-09-23 12:07,Riverbend Stake Centre,Riverbend Stake,3,1,34,60,0,Terwillegar Park Ward,2,150,,96
238,2023-09-23 12:07,Riverbend Stake Centre,Riverbend Stake,2,0,12,35,0,Rutherford Ward,2,159,,25
239,2023-09-23 12:07,North Stake Centre,Edmonton North Stake,1,4,22,60,0,Namao Ward,2,236,,90
240,2023-09-23 12:08,Riverbend Stake Centre,Riverbend Stake,2,2,35,30,0,Rutherford Ward,2,207,,30
241,2023-09-23 12:08,North Stake Centre,Edmonton North Stake,1,5,16,30,0,Griesbach Ward,2,120,,30
242,2023-09-23 12:08,Londonderry Chapel,Bonnie Doon Stake,1,4,40,60,1,Clareview Ward,2,400,,30
243,2023-09-23 12:09,Bearspaw Chapel,Bonnie Doon Stake,4,0,8,45,0,Southgate Ward,2,80,,60
244,2023-09-23 12:09,Gateway Stake Centre,Gateway Stake,2,3,23,58,0,Lee Ridge Ward,2,23,,58
245,2023-09-23 12:09,Bonnie Doon Stake Centre,Bonnie Doon Stake,1,3,11,30,1,Forest Heights Ward,2,170,,180
246,2023-09-23 12:09,Gateway Stake Centre,Gateway Stake,3,1,28,30,0,Crawford Plains Ward,2,123,,30
247,2023-09-23 12:09,Riverbend Stake Centre,Riverbend Stake,4,0,25,60,0,Terwillegar Park Ward,2,100,,180
248,2023-09-23 12:10,North Stake Centre,Edmonton North Stake,3,0,16,30,0,Griesbach Ward,2,75,,30
249,2023-09-23 12:10,Riverbend Stake Centre,Riverbend Stake,2,2,30,25,0,Greenfield Ward,2,196,,30
250,2023-09-23 12:10,Gateway Stake Centre,Gateway Stake,1,3,32,52,1,Crawford Plains Ward,1,200,,52
251,2023-09-23 12:10,Gateway Stake Centre,Gateway Stake,1,1,120,70,1,Crawford Plains Ward,6,900,,180
252,2023-09-23 12:11,Gateway Stake Centre,Gateway Stake,2,3,40,90,1,Crawford Plains Ward,3,380,,90
253,2023-09-23 12:11,Coronation Park Chapel,Bonnie Doon Stake,2,0,44,60,1,Coronation Park Ward,2,266,,60
254,2023-09-23 12:12,Londonderry Chapel,Bonnie Doon Stake,2,0,16,60,0,Clareview Ward,2,100,,180
255,2023-09-23 12:12,Bearspaw Chapel,Gateway Stake,2,1,20,50,0,Lee Ridge Ward,2,158,,180
256,2023-09-23 12:12,Gateway Stake Centre,Gateway Stake,1,1,25,35,0,Crawford Plains Ward,2,26,,180
257,2023-09-23 12:12,Londonderry Chapel,Bonnie Doon Stake,2,2,39,60,0,Londonderry Ward,2,195,,30
258,2023-09-23 12:12,Gateway Stake Centre,Gateway Stake,2,1,44,60,1,Lee Ridge Ward,1,168,,180
259,2023-09-23 12:13,Gateway Stake Centre,Gateway Stake,2,3,24,60,0,Crawford Plains Ward,2,128,,60
260,2023-09-23 12:13,Bearspaw Chapel,Bonnie Doon Stake,2,1,25,45,1,Southgate Ward,2,256,,50
261,2023-09-23 12:13,Bearspaw Chapel,Gateway Stake,2,0,44,75,0,Lee Ridge Ward,2,125,,85
262,2023-09-23 12:14,Bearspaw Chapel,Gateway Stake,2,3,22,35,1,Lee Ridge Ward,2,207,,32
263,2023-09-23 12:14,Gateway Stake Centre,Gateway Stake,2,0,20,55,0,Lee Ridge Ward,2,25,,55
264,2023-09-23 12:15,Gateway Stake Centre,Gateway Stake,2,2,67,100,1,Ellerslie Ward,3,501,,100
265,2023-09-23 12:15,Bearspaw Chapel,Bonnie Doon Stake,2,5,15,25,0,Southgate Ward,2,115,,180
266,2023-09-23 12:15,Gateway Stake Centre,Gateway Stake,2,0,36,60,1,Crawford Plains Ward,2,140,,180
267,2023-09-23 12:15,Gateway Stake Centre,Gateway Stake,2,1,16,30,0,Crawford Plains Ward,2,114,,21
268,2023-09-23 12:16,Gateway Stake Centre,Gateway Stake,3,1,18,23,0,Ellerslie Ward,2,180,,23
269,2023-09-23 12:16,Gateway Stake Centre,Gateway Stake,2,0,27,40,1,Crawford Plains Ward,2,267,,40
270,2023-09-23 12:16,Bearspaw Chapel,Gateway Stake,3,3,37,60,0,Blackmud Creek Ward,2,206,,50
271,2023-09-23 12:16,Bearspaw Chapel,Bonnie Doon Stake,2,0,12,60,0,Southgate Ward,2,195,,60
272,2023-09-23 12:17,Londonderry Chapel,Bonnie Doon Stake,3,0,150,120,1,Clareview Ward,4,450,,65
273,2023-09-23 12:17,Gateway Stake Centre,Gateway Stake,3,1,28,27,0,Ellerslie Ward,2,184,,27
274,2023-09-23 12:17,Londonderry Chapel,Bonnie Doon Stake,1,2,25,45,0,Clareview Ward,2,135,,30
275,2023-09-23 12:17,North Stake Centre,Edmonton North Stake,1,0,7,45,0,Griesbach Ward,2,40,,180
276,2023-09-23 12:17,Gateway Stake Centre,Gateway Stake,2,0,28,90,1,Silver Berry Ward,2,460,,90
277,2023-09-23 12:18,Gateway Stake Centre,Gateway Stake,2,0,17,60,0,Silver Berry Ward,2,153,,180
278,2023-09-23 12:19,Londonderry Chapel,Bonnie Doon Stake,1,2,20,60,0,Clareview Ward,2,110,,180
279,2023-09-23 12:19,Gateway Stake Centre,Gateway Stake,2,4,59,105,1,Silver Berry Ward,2,492,,180
280,2023-09-23 12:19,Gateway Stake Centre,Gateway Stake,2,0,17,60,0,Silver Berry Ward,2,235,,78
281,2023-09-23 12:20,Riverbend Stake Centre,Riverbend Stake,2,1,100,90,1,Rabbit Hill Ward,3,482,,137
282,2023-09-23 12:20,Gateway Stake Centre,Gateway Stake,2,3,65,65,1,Ellerslie Ward,3,65,,65
283,2023-09-23 12:20,Gateway Stake Centre,Gateway Stake,26,3,25,35,0,Ellerslie Ward,2,19,,180
284,2023-09-23 12:20,Londonderry Chapel,Bonnie Doon Stake,2,0,15,20,0,Londonderry Ward,2,50,,30
285,2023-09-23 12:21,Riverbend Stake Centre,Riverbend Stake,2,0,19,65,0,Rutherford Ward,2,174,,65
286,2023-09-23 12:21,Londonderry Chapel,Bonnie Doon Stake,1,2,20,20,0,Clareview Ward,2,195,,180
287,2023-09-23 12:21,Gateway Stake Centre,Gateway Stake,2,2,36,35,0,Silver Berry Ward,2,216,,35
288,2023-09-23 12:21,North Stake Centre,Edmonton North Stake,1,1,14,60,0,Griesbach Ward,2,135,,70
289,2023-09-23 12:21,Gateway Stake Centre,Gateway Stake,2,2,60,80,1,Silver Berry Ward,2,366,,180
290,2023-09-23 12:22,Londonderry Chapel,Bonnie Doon Stake,3,1,30,60,0,Clareview Ward,2,195,,30
291,2023-09-23 12:22,Londonderry Chapel,Bonnie Doon Stake,2,0,35,75,1,Londonderry Ward,3,75,,180
292,2023-09-23 12:22,Gateway Stake Centre,Gateway Stake,1,2,24,30,0,Silver Berry Ward,2,244,,28
293,2023-09-23 12:24,Londonderry Chapel,Bonnie Doon Stake,2,2,60,60,1,Clareview Ward,3,165,,30
294,2023-09-23 12:25,North Stake Centre,Edmonton North Stake,1,3,30,35,0,Namao Ward,2,272,,35
295,2023-09-23 12:25,Riverbend Stake Centre,Riverbend Stake,2,8,200,240,1,Rabbit Hill Ward,8,1420,,120
296,2023-09-23 12:25,Bearspaw Chapel,Gateway Stake,2,2,20,45,1,Beaumont Ward,2,250,,180
297,2023-09-23 12:25,Gateway Stake Centre,Gateway Stake,2,3,25,40,0,Crawford Plains Ward,2,60,,38
298,2023-09-23 12:25,Bearspaw Chapel,Gateway Stake,1,4,30,45,0,Lee Ridge Ward,2,160,,180
299,2023-09-23 12:26,Bearspaw Chapel,Gateway Stake,2,4,18,45,0,Blackmud Creek Ward,2,154,,45
300,2023-09-23 12:26,North Stake Centre,Edmonton North Stake,2,4,80,110,1,Griesbach Ward,5,500,,180
301,2023-09-23 12:27,Bearspaw Chapel,Gateway Stake,1,1,20,60,0,Lee Ridge Ward,2,161,,180
302,2023-09-23 12:28,Gateway Stake Centre,Gateway Stake,3,5,66,115,1,Silver Berry Ward,3,654,,180
303,2023-09-23 12:28,Riverbend Stake Centre,Riverbend Stake,2,0,20,60,0,Woodbend Ward,2,137,,60
304,2023-09-23 12:28,Bearspaw Chapel,Bonnie Doon Stake,2,4,45,90,1,Southgate Ward,2,195,,180
305,2023-09-23 12:28,Londonderry Chapel,Bonnie Doon Stake,1,1,12,60,1,Londonderry Ward,1,195,,45
306,2023-09-23 12:28,Londonderry Chapel,Bonnie Doon Stake,1,0,55,180,0,Clareview Ward,2,225,,30
307,2023-09-23 12:28,Gateway Stake Centre,Gateway Stake,1,2,17,40,1,Crawford Plains Ward,1,113,,50
308,2023-09-23 12:29,Bearspaw Chapel,Gateway Stake,2,3,50,45,0,Blackmud Creek Ward,2,240,,45
309,2023-09-23 12:30,Bearspaw Chapel,Gateway Stake,1,1,23,30,0,Lee Ridge Ward,2,195,,30
310,2023-09-23 12:30,Gateway Stake Centre,Gateway Stake,2,3,30,62,0,Ellerslie Ward,2,200,,63
311,2023-09-23 12:30,Londonderry Chapel,Bonnie Doon Stake,2,0,5,15,0,Londonderry Ward,2,218,,30
312,2023-09-23 12:31,Bearspaw Chapel,Gateway Stake,2,1,21,35,0,Lee Ridge Ward,2,139,,32
313,2023-09-23 12:31,Gateway Stake Centre,Gateway Stake,2,4,50,45,0,Ellerslie Ward,2,236,,60
314,2023-09-23 12:32,Riverbend Stake Centre,Riverbend Stake,1,1,43,60,0,Rabbit Hill Ward,2,208,,65
315,2023-09-23 12:32,Gateway Stake Centre,Gateway Stake,2,3,25,40,0,Silver Berry Ward,2,118,,48
316,2023-09-23 12:32,Gateway Stake Centre,Gateway Stake,1,0,29,69,0,Silver Berry Ward,2,266,,180
317,2023-09-23 12:32,Gateway Stake Centre,Gateway Stake,2,0,40,65,0,Ellerslie Ward,2,239,,180
318,2023-09-23 12:33,Gateway Stake Centre,Gateway Stake,2,2,85,90,1,Silver Berry Ward,3,585,,180
319,2023-09-23 12:35,Bearspaw Chapel,Gateway Stake,2,1,30,40,1,Lee Ridge Ward,2,165,,90
320,2023-09-23 12:35,Gateway Stake Centre,Gateway Stake,1,1,18,26,0,Ellerslie Ward,2,201,,25
321,2023-09-23 12:35,Bearspaw Chapel,Bonnie Doon Stake,1,0,13,60,0,Strathcona Married Student Ward,2,195,,61
322,2023-09-23 12:36,Gateway Stake Centre,Gateway Stake,2,2,20,45,0,Lee Ridge Ward,2,151,,30
323,2023-09-23 12:36,North Stake Centre,Edmonton North Stake,2,0,93,120,1,Griesbach Ward,3,552,,30
324,2023-09-23 12:36,Gateway Stake Centre,Gateway Stake,2,3,22,40,0,Silver Berry Ward,2,118,,30
325,2023-09-23 12:36,Riverbend Stake Centre,Riverbend Stake,4,0,80,120,1,Drayton Valley Ward,4,400,,90
326,2023-09-23 12:36,Gateway Stake Centre,Gateway Stake,2,2,29,45,0,Silver Berry Ward,2,342,,45
327,2023-09-23 12:37,Bearspaw Chapel,Gateway Stake,2,1,35,40,1,Lee Ridge Ward,2,172,,60
328,2023-09-23 12:37,Bearspaw Chapel,Gateway Stake,1,0,23,60,0,Lee Ridge Ward,2,163,,90
329,2023-09-23 12:37,Gateway Stake Centre,Gateway Stake,2,2,17,37,0,Silver Berry Ward,2,186,,37
330,2023-09-23 12:38,Bearspaw Chapel,Bonnie Doon Stake,2,0,22,30,0,Southgate Ward,2,145,,45
331,2023-09-23 12:38,Riverbend Stake Centre,Riverbend Stake,2,0,8,15,0,Rutherford Ward,2,68,,38
332,2023-09-23 12:38,Bearspaw Chapel,Bonnie Doon Stake,2,0,11,38,0,Strathcona Married Student Ward,2,158,,43
333,2023-09-23 12:39,Gateway Stake Centre,Gateway Stake,6,0,20,30,0,Silver Berry Ward,2,300,,30
334,2023-09-23 12:39,Bearspaw Chapel,Bonnie Doon Stake,2,3,60,90,1,Southgate Ward,2,257,,180
335,2023-09-23 12:39,Riverbend Stake Centre,Riverbend Stake,2,1,80,60,1,Terwillegar Park Ward,2,300,,180
336,2023-09-23 12:39,Londonderry Chapel,Bonnie Doon Stake,2,1,42,110,1,Clareview Ward,2,191,,180
337,2023-09-23 12:41,Bearspaw Chapel,Gateway Stake,2,3,32,30,0,Lee Ridge Ward,2,157,,180
338,2023-09-23 12:41,Riverbend Stake Centre,Riverbend Stake,2,2,54,90,0,Woodbend Ward,2,350,,100
339,2023-09-23 12:41,Riverbend Stake Centre,Riverbend Stake,3,1,100,105,1,Rabbit Hill Ward,2,80,,30
340,2023-09-23 12:42,Londonderry Chapel,Bonnie Doon Stake,4,0,200,240,1,Clareview Ward,7,607,,30
341,2023-09-23 12:42,Londonderry Chapel,Bonnie Doon Stake,3,1,25,60,0,Clareview Ward,2,25,,30
342,2023-09-23 12:42,Gateway Stake Centre,Gateway Stake,2,1,45,60,1,Rio Vista Ward,2,36,,54
343,2023-09-23 12:42,Riverbend Stake Centre,Riverbend Stake,3,1,110,120,1,Rabbit Hill Ward,3,430,,100
344,2023-09-23 12:43,Bearspaw Chapel,Bonnie Doon Stake,2,0,58,75,1,Southgate Ward,3,195,,70
345,2023-09-23 12:43,Riverbend Stake Centre,Riverbend Stake,2,3,39,120,0,Greenfield Ward,2,110,,109
346,2023-09-23 12:44,Gateway Stake Centre,Gateway Stake,2,2,35,80,1,Lee Ridge Ward,2,330,,150
347,2023-09-23 12:44,Riverbend Stake Centre,Riverbend Stake,2,3,88,40,0,Woodbend Ward,2,380,,15
348,2023-09-23 12:44,Riverbend Stake Centre,Riverbend Stake,1,3,12,30,0,Rutherford Ward,2,142,,150
349,2023-09-23 12:45,Gateway Stake Centre,Gateway Stake,3,4,33,30,1,Silver Berry Ward,3,206,,150
350,2023-09-23 12:45,Bearspaw Chapel,Gateway Stake,3,0,30,45,0,Blackmud Creek Ward,2,171,,45
351,2023-09-23 12:46,North Stake Centre,Edmonton North Stake,3,0,60,120,1,Griesbach Ward,2,380,,140
352,2023-09-23 12:46,Bearspaw Chapel,Gateway Stake,4,5,14,30,0,Blackmud Creek Ward,2,195,,30
353,2023-09-23 12:47,Gateway Stake Centre,Gateway Stake,2,0,23,25,0,Lee Ridge Ward,2,160,,25
354,2023-09-23 12:47,Gateway Stake Centre,Gateway Stake,1,1,45,90,1,Ellerslie Ward,1,180,,90
355,2023-09-23 12:47,Riverbend Stake Centre,Riverbend Stake,2,4,80,105,1,Rabbit Hill Ward,4,74,,150
356,2023-09-23 12:48,Bearspaw Chapel,Bonnie Doon Stake,2,3,20,45,0,Southgate Ward,2,147,,45
357,2023-09-23 12:48,Riverbend Stake Centre,Riverbend Stake,2,0,100,90,1,Greenfield Ward,2,500,,150
358,2023-09-23 12:48,Bearspaw Chapel,Gateway Stake,3,0,8,30,0,Blackmud Creek Ward,2,60,,30
359,2023-09-23 12:49,Riverbend Stake Centre,Riverbend Stake,5,0,28,60,1,Rutherford Ward,2,260,,92
360,2023-09-23 12:49,Bearspaw Chapel,Gateway Stake,3,4,14,60,1,Lee Ridge Ward,2,147,,85
361,2023-09-23 12:49,Riverbend Stake Centre,Riverbend Stake,2,2,65,80,1,Woodbend Ward,2,200,,80
362,2023-09-23 12:50,Bearspaw Chapel,Gateway Stake,3,4,25,35,1,Lee Ridge Ward,2,166,,150
363,2023-09-23 12:50,Riverbend Stake Centre,Riverbend Stake,2,2,67,60,1,Rutherford Ward,2,377,,60
364,2023-09-23 12:51,Riverbend Stake Centre,Riverbend Stake,3,0,34,90,1,Rutherford Ward,2,246,,150
365,2023-09-23 12:51,Bearspaw Chapel,Gateway Stake,4,9,32,75,0,Blackmud Creek Ward,2,178,,150
366,2023-09-23 12:51,Gateway Stake Centre,Gateway Stake,1,1,25,25,0,Ellerslie Ward,2,226,,25
367,2023-09-23 12:52,Riverbend Stake Centre,Riverbend Stake,1,1,125,150,1,Terwillegar Park Ward,3,650,,170
368,2023-09-23 12:53,North Stake Centre,Edmonton North Stake,2,2,145,150,1,Namao Ward,5,2500,,150
369,2023-09-23 12:53,Riverbend Stake Centre,Riverbend Stake,2,2,40,75,0,Rutherford Ward,2,215,,150
370,2023-09-23 12:55,Riverbend Stake Centre,Riverbend Stake,3,3,40,60,1,Terwillegar Park Ward,2,280,,60
371,2023-09-23 12:55,Riverbend Stake Centre,Riverbend Stake,2,0,20,70,0,Woodbend Ward,2,160,,75
372,2023-09-23 12:56,Riverbend Stake Centre,Riverbend Stake,4,0,65,60,0,Rabbit Hill Ward,2,300,,150
373,2023-09-23 12:56,Gateway Stake Centre,Gateway Stake,2,2,52,125,1,Crawford Plains Ward,3,324,,105
374,2023-09-23 12:56,Bearspaw Chapel,Gateway Stake,0,2,20,120,1,Lee Ridge Ward,2,163,,150
375,2023-09-23 12:56,Bearspaw Chapel,Gateway Stake,0,2,20,60,1,Lee Ridge Ward,1,168,,65
376,2023-09-23 12:57,Gateway Stake Centre,Gateway Stake,2,2,37,140,1,Crawford Plains Ward,3,321,,140
377,2023-09-23 12:59,Riverbend Stake Centre,Riverbend Stake,4,0,56,120,1,Rabbit Hill Ward,2,200,,103
378,2023-09-23 12:59,Riverbend Stake Centre,Riverbend Stake,2,0,35,90,1,Rutherford Ward,2,240,,75
379,2023-09-23 13:00,North Stake Centre,Edmonton North Stake,1,3,22,40,0,Namao Ward,2,172,,40
380,2023-09-23 13:01,Gateway Stake Centre,Gateway Stake,2,5,39,45,1,Ellerslie Ward,2,466,,45
381,2023-09-23 13:01,Bearspaw Chapel,Gateway Stake,1,0,18,120,1,Lee Ridge Ward,2,40,,120
382,2023-09-23 13:02,Bearspaw Chapel,Gateway Stake,3,0,22,1.5,1,Lee Ridge Ward,2,158,,180
383,2023-09-23 13:03,Bearspaw Chapel,Gateway Stake,1,4,41,25,0,Blackmud Creek Ward,2,260,,70
384,2023-09-23 13:05,Riverbend Stake Centre,Riverbend Stake,1,0,25,80,1,Rabbit Hill Ward,2,273,,150
385,2023-09-23 13:05,Londonderry Chapel,Bonnie Doon Stake,2,0,1,30,0,Clareview Ward,2,100,,754
386,2023-09-23 13:06,Gateway Stake Centre,Gateway Stake,1,2,10,30,0,Ellerslie Ward,2,205,,750
387,2023-09-23 13:06,Bearspaw Chapel,Gateway Stake,2,3,42,30,0,Blackmud Creek Ward,2,95,,53
388,2023-09-23 13:08,Gateway Stake Centre,Gateway Stake,2,5,25,45,0,Ellerslie Ward,2,200,,45
389,2023-09-23 13:12,North Stake Centre,Edmonton North Stake,2,0,70,150,1,Griesbach Ward,3,400,,120
390,2023-09-23 13:16,North Stake Centre,Edmonton North Stake,2,0,69,150,1,Griesbach Ward,3,400,,145
391,2023-09-23 13:16,Bearspaw Chapel,Gateway Stake,33,4,19,20,1,Blackmud Creek Ward,2,109,,20
392,2023-09-23 13:18,Bearspaw Chapel,Gateway Stake,1,4,12,20,1,Blackmud Creek Ward,2,178,,20
393,2023-09-23 13:20,North Stake Centre,Edmonton North Stake,2,0,45,170,0,Namao Ward,2,316,,165
394,2023-09-23 13:23,North Stake Centre,Edmonton North Stake,1,0,17,15,0,Griesbach Ward,2,140,,15
395,2023-09-23 13:23,North Stake Centre,Edmonton North Stake,1,4,24,40,0,Namao Ward,2,211,,150
396,2023-09-23 13:25,Gateway Stake Centre,Gateway Stake,1,3,77,120,1,Silver Berry Ward,2,472,,120
397,2023-09-23 13:26,Gateway Stake Centre,Gateway Stake,1,1,14,45,0,Silver Berry Ward,2,150,,45
398,2023-09-23 13:29,Gateway Stake Centre,Gateway Stake,2,2,124,165,1,Crawford Plains Ward,6,759,,165
399,2023-09-23 13:29,Riverbend Stake Centre,Riverbend Stake,2,3,25,45,0,Woodbend Ward,2,150,,75
400,2023-09-23 13:30,Bearspaw Chapel,Gateway Stake,1,2,15,45,1,Lee Ridge Ward,2,162,,110
401,2023-09-23 13:30,Gateway Stake Centre,Gateway Stake,5,8,33,80,1,Rio Vista Ward,3,397,,80
402,2023-09-23 13:32,Gateway Stake Centre,Gateway Stake,2,1,50,135,1,Ellerslie Ward,2,419,,135
403,2023-09-23 13:32,Bearspaw Chapel,Gateway Stake,1,2,25,45,0,Lee Ridge Ward,2,160,,120
404,2023-09-23 13:34,Gateway Stake Centre,Gateway Stake,1,1,12,60,0,Crawford Plains Ward,2,92,,60
405,2023-09-23 13:46,Gateway Stake Centre,Gateway Stake,2,2,20,60,0,Ellerslie Ward,2,197,,60
406,2023-09-23 13:47,Bearspaw Chapel,Gateway Stake,2,1,14,60,0,Lee Ridge Ward,2,147,,90
407,2023-09-23 13:48,Bearspaw Chapel,Gateway Stake,1,4,13,35,0,Blackmud Creek Ward,2,177,,40
408,2023-09-23 13:55,Bearspaw Chapel,Gateway Stake,3,2,68,112,1,Lee Ridge Ward,3,466,,150
409,2023-09-23 13:58,Bearspaw Chapel,Bonnie Doon Stake,5,3,555,90,1,Southgate Ward,3,200,,90
410,2023-09-23 14:21,Bearspaw Chapel,Bonnie Doon Stake,1,0,17,30,0,Southgate Ward,2,13,,35
411,2023-09-23 14:25,Bearspaw Chapel,Gateway Stake,2,0,19,45,0,Blackmud Creek Ward,2,100,,220
412,2023-09-23 14:27,Bearspaw Chapel,Gateway Stake,2,2,32,60,0,Blackmud Creek Ward,2,174,,150
413,2023-09-23 14:42,Bearspaw Chapel,Gateway Stake,2,0,16,20,0,Blackmud Creek Ward,2,67,,30
414,2023-09-23 15:40,Gateway Stake Centre,Gateway Stake,38,2,29,45,1,Silver Berry Ward,2,339,,45
415,2023-09-23 15:42,Gateway Stake Centre,Gateway Stake,2,2,17,37,1,Silver Berry Ward,2,197,,37
416,2023-09-23 16:48,Bearspaw Chapel,Gateway Stake,2,0,20,60,0,Blackmud Creek Ward,2,123,,150
417,2023-09-23 19:01,Bearspaw Chapel,Gateway Stake,2,3,49,60,1,Blackmud Creek Ward,2,241,,89
418,2023-09-23 19:02,Bearspaw Chapel,Gateway Stake,2,0,21,40,0,Blackmud Creek Ward,2,109,,40
419,2023-09-23 19:05,Bearspaw Chapel,Gateway Stake,2,2,25,10,0,Blackmud Creek Ward,2,190,,50
420,2023-09-23 19:19,Bearspaw Chapel,Gateway Stake,3,4,40,35,0,Blackmud Creek Ward,2,155,,180
421,2023-09-23 19:26,Parkland (Spruce Grove/Stony Plain),Edmonton North Stake,2,5,20,20,0,Stony Plain Ward,2,115,,150
422,2023-09-23 19:54,Riverbend Stake Centre,Riverbend Stake,2,10,29,40,1,Greenfield Ward,3,200,,40
423,2023-09-23 19:57,Riverbend Stake Centre,Riverbend Stake,2,4,29,40,1,Terwillegar Park Ward,3,174,,40
424,2023-09-23 19:59,Riverbend Stake Centre,Riverbend Stake,2,4,39,80,1,Terwillegar Park Ward,3,262,,80
425,2023-09-23 19:59,Bearspaw Chapel,Gateway Stake,2,2,25,75,0,Blackmud Creek Ward,2,202,,75
426,2023-09-23 21:44,Bearspaw Chapel,Bonnie Doon Stake,4,5,34,55,0,Southgate Ward,2,157,,55
427,2023-09-23 22:22,Bearspaw Chapel,Gateway Stake,2,0,28,70,0,Lee Ridge Ward,2,142,,60
428,2023-09-23 22:56,Gateway Stake Centre,Gateway Stake,2,0,150,150,1,Crawford Plains Ward,6,195,,150
429,2023-09-24 7:41,Parkland (Spruce Grove/Stony Plain),Edmonton North Stake,1,0,16,30,0,Stony Plain Ward,2,195,,30
430,2023-09-24 9:22,Bearspaw Chapel,Bonnie Doon Stake,4,0,14,45,0,Southgate Ward,2,13,,45
431,2023-09-24 13:37,Bearspaw Chapel,Gateway Stake,2,0,22,60,0,Blackmud Creek Ward,2,195,,150
432,2023-09-24 14:04,Parkland (Spruce Grove/Stony Plain),Edmonton North Stake,2,0,29,60,1,Stony Plain Ward,3,240,,120
433,2023-09-24 17:58,Bearspaw Chapel,Bonnie Doon Stake,1,4,30,30,0,Southgate Ward,2,130,,30
434,2023-09-24 21:45,Parkland (Spruce Grove/Stony Plain),Edmonton North Stake,2,0,140,30,0,Stony Plain Ward,2,130,,60
435,2023-09-24 23:04,Morinville,Edmonton North Stake,2,8,1,105,1,Namao Ward,2,525,,100
436,2023-09-25 15:09,Parkland (Spruce Grove/Stony Plain),Edmonton North Stake,1,0,8,78,1,Stony Plain Ward,2,195,,90
437,2023-09-25 23:38,Parkland (Spruce Grove/Stony Plain),Edmonton North Stake,1,3,52,72,1,Pioneer Ward,3,254,,71
438,2023-09-26 15:08,Bonnie Doon Stake Centre,Bonnie Doon Stake,2,1,9,10,0,Strathcona Married Student Ward,2,40,,36
439,2023-09-26 15:10,Bonnie Doon Stake Centre,Bonnie Doon Stake,1,2,24,20,1,Forest Heights Ward,2,120,,43
440,2023-09-26 15:12,Bonnie Doon Stake Centre,Bonnie Doon Stake,2,1,16,30,0,Forest Heights Ward,2,130,,41
441,2023-09-26 15:13,Bonnie Doon Stake Centre,Bonnie Doon Stake,3,0,14,30,0,Forest Heights Ward,2,110,,51
442,2023-09-26 15:14,Bonnie Doon Stake Centre,Bonnie Doon Stake,2,0,6,10,0,Forest Heights Ward,2,60,,45
443,2023-09-26 15:16,Bonnie Doon Stake Centre,Bonnie Doon Stake,2,0,12,20,0,Strathcona Married Student Ward,2,66,,41
444,2023-09-26 15:17,Bonnie Doon Stake Centre,Bonnie Doon Stake,1,0,7,25,0,Connors Hill Ward,2,100,,35
445,2023-09-26 15:18,Bonnie Doon Stake Centre,Bonnie Doon Stake,3,0,28,90,0,Connors Hill Ward,2,65,,65
446,2023-09-26 15:47,Bonnie Doon Stake Centre,Bonnie Doon Stake,2,2,36,45,1,Forest Heights Ward,2,150,,63
447,2023-09-26 19:46,Morinville,Edmonton North Stake,1,3,80,320,1,Namao Ward,2,420,,240
448,2023-09-27 8:41,Onoway,Edmonton North Stake,2,0,10,45,0,Onoway Ward,2,195,,45
449,2023-09-27 14:24,North Stake Centre,Edmonton North Stake,2,0,20,20,0,Namao Ward,2,150,,45
450,2023-09-27 14:24,North Stake Centre,Edmonton North Stake,2,0,20,20,0,Namao Ward,2,150,,45
451,2023-09-28 20:44,Parkland (Spruce Grove/Stony Plain),Edmonton North Stake,2,4,51,60,1,Stony Plain Ward,2,195,,120
452,2023-10-15 11:15,North Stake Centre,Edmonton North Stake,2,0,78,2.5,1,Griesbach Ward,3,600,,150
453,2024-09-10 16:03,Londonderry Chapel,Edmonton North Stake,2,2,5,2,0,Lago Lindo Branch,2,195,11,30
